{"path": {"kpts": {"__ndarray__": [[36, 3], "float64", [0.0, 0.0, 0.0, 0.0, 0.125, 0.0, 0.0, 0.25, 0.0, 0.0, 0.375, 0.0, 0.0, 0.5, 0.0, 0.125, 0.5, 0.0, 0.25, 0.5, 0.0, 0.375, 0.5, 0.0, 0.5, 0.5, 0.0, 0.4166666666666667, 0.4166666666666667, 0.0, 0.33333333333333337, 0.33333333333333337, 0.0, 0.25, 0.25, 0.0, 0.16666666666666669, 0.16666666666666669, 0.0, 0.08333333333333337, 0.08333333333333337, 0.0, 0.0, 0.0, 0.0, 0.0625, 0.0625, 0.0625, 0.125, 0.125, 0.125, 0.1875, 0.1875, 0.1875, 0.25, 0.25, 0.25, 0.3125, 0.3125, 0.3125, 0.375, 0.375, 0.375, 0.4375, 0.4375, 0.4375, 0.5, 0.5, 0.5, 0.4285714285714286, 0.5, 0.4285714285714286, 0.35714285714285715, 0.5, 0.35714285714285715, 0.2857142857142857, 0.5, 0.2857142857142857, 0.2142857142857143, 0.5, 0.2142857142857143, 0.1428571428571429, 0.5, 0.1428571428571429, 0.07142857142857145, 0.5, 0.07142857142857145, 0.0, 0.5, 0.0, 0.5, 0.5, 0.0, 0.5, 0.5, 0.1, 0.5, 0.5, 0.2, 0.5, 0.5, 0.30000000000000004, 0.5, 0.5, 0.4, 0.5, 0.5, 0.5]]}, "special_points": {"G": {"__ndarray__": [[3], "float64", [0.0, 0.0, 0.0]]}, "M": {"__ndarray__": [[3], "float64", [0.5, 0.5, 0.0]]}, "R": {"__ndarray__": [[3], "float64", [0.5, 0.5, 0.5]]}, "X": {"__ndarray__": [[3], "float64", [0.0, 0.5, 0.0]]}}, "labelseq": "GXMGRXMR", "cell": {"array": {"__ndarray__": [[3, 3], "float64", [4.658842, 0.0, 0.0, 0.0, 4.658842, 0.0, 0.0, 0.0, 4.658842]]}, "__ase_objtype__": "cell"}, "__ase_objtype__": "bandpath"}, "energies": {"__ndarray__": [[1, 36, 20], "float64", [-14.26820547200485, -13.964546443123439, -13.964546441619124, -13.961227632907022, -0.37159026530796235, -0.37159026530794875, -0.3715887820200756, -0.12086146787834552, -0.12086146787833506, -0.12085923895044531, -0.12024466328280942, -0.12024466328279934, -0.1202436955882046, 1.2233331103656324, 1.2233331103656444, 1.2233353114483883, 6.149423444006264, 6.1494241832534025, 6.155972294472241, 6.283984772373714, -14.256190543524735, -13.97549952511088, -13.96306190012393, -13.960683072861572, -0.36238383599833823, -0.36238235135082564, -0.35428154318998084, -0.1955693710408973, -0.19499262779749546, -0.1323362847228909, -0.1323346824150252, -0.07575974830774122, -0.07575814555158268, 1.1203663029187312, 1.174719070300007, 1.1747211596707265, 6.271900957778354, 6.391247603728713, 6.395384108976612, 6.430378132811833, -14.223641936107246, -14.008453412814424, -13.959055528037783, -13.956793933706907, -0.3500042984828354, -0.3498057686452783, -0.3332840940825673, -0.33328260457962133, -0.253564876857051, -0.16031720132957614, -0.16031560811596085, 0.052395004314974784, 0.05239669680748567, 0.8254097393812061, 1.0081290790769126, 1.0081311011210934, 6.58920786727413, 6.772889199340983, 7.037461857818015, 7.041436161683767, -14.174735015062955, -14.058054688494671, -13.955274673377112, -13.95303786471799, -0.4976439046361064, -0.4975576210478525, -0.29781690189687016, -0.2978153380032117, -0.20052469262978248, -0.2005231027332338, -0.08845396232502993, 0.25529570494592835, 0.2552974645054961, 0.4851452509294984, 0.7627324087165164, 0.7627343519481643, 6.960962487745895, 7.094860477850156, 7.857346398322996, 7.860978485663819, -14.117235063949343, -14.115107228285014, -13.953556085866369, -13.951320693330914, -0.5506314653731424, -0.5504685528348576, -0.24991927233667774, -0.24991769792030125, -0.24806112512270365, -0.24805955773199284, 0.17157539381277068, 0.17158574960673167, 0.5064292886791786, 0.506431134225152, 0.5083241495705856, 0.5083259960095684, 7.1804392377935855, 7.183345280333173, 8.32236263580377, 8.326004676068065, -14.110194097548083, -14.108066386188014, -13.95871430738152, -13.95647724393655, -0.7232040218013013, -0.7229183564339102, -0.22140520848025125, -0.2195450718077692, -0.05851073176195303, -0.05812363592953122, -0.025192765627980045, -0.02380166660070199, 0.47197887742833305, 0.4738728457171678, 0.6612476698316723, 0.6627427350844628, 7.356114500247617, 7.358958835662051, 8.423166492672319, 8.426808755794, -14.090183520071573, -14.088057528066226, -13.974286417315641, -13.972042434645884, -0.9084667312895737, -0.9081047090922831, -0.40267014142207336, -0.4022666261702765, -0.14681920296062356, -0.14495595782490972, 0.29379377001420737, 0.29511568243356234, 0.3833738761755471, 0.38525956131199174, 0.8172805673090239, 0.818648555501569, 7.8327725882574315, 7.835530133295719, 8.685003242740867, 8.688560831996226, -14.061408225630524, -14.059306552510325, -13.998777228001648, -13.996503354984984, -0.9798021631182742, -0.9794625230278284, -0.7043016932847531, -0.7039574140608054, -0.03226006375589476, -0.03038710157317382, 0.25822361381618114, 0.2601055271414663, 0.5703021662391845, 0.5716468823079812, 0.8466632364287177, 0.8480320361131578, 8.454947937649404, 8.457732635104847, 8.964614600369721, 8.968103863900604, -14.028903053646287, -14.028903053646191, -14.028896287583724, -14.024517058991082, -0.9061865746536985, -0.9055417440008079, -0.9048025670743848, -0.9048025670743756, 0.11426811744144111, 0.1168804039662781, 0.11688040396634015, 0.11802296336678036, 0.7697279871607703, 0.7724048704595097, 0.7730392456084366, 0.7730392456084545, 8.938029429574474, 8.938029429574494, 8.938802584821458, 8.945180657466015, -14.07619428619096, -14.024850650741193, -14.022690942117217, -13.991723339940835, -1.0144708258248016, -0.8714715681270354, -0.87038322542877, -0.6459680752682402, -0.06417503683164281, 0.09672274007614402, 0.09752727641885192, 0.3313267444033676, 0.5674271322107478, 0.6873537655966035, 0.6893133277994591, 0.9391276495308646, 8.423287197067664, 8.703714567070902, 8.70762916204542, 9.019748592163795, -14.130608127554195, -14.013149907653913, -14.01099174300373, -13.969562370426692, -0.9495506717788097, -0.764728358327516, -0.7635385342026465, -0.25284418625904953, -0.19492385574618992, 0.05252361870265074, 0.053323366097018536, 0.3589599208301062, 0.48042504405937997, 0.4823589639052964, 0.5741261587138791, 1.0701099888281431, 7.825236349424917, 8.12288108344458, 8.126784330107135, 8.487410375205448, -14.184345855261189, -13.997444436428685, -13.995303668835515, -13.960665491673536, -0.7595102181713507, -0.6155923343492349, -0.6142350232472982, -0.2881778302263284, -0.010888569124672462, -0.010109225644626421, 0.16165480544133237, 0.20976170217443654, 0.21154149003674524, 0.21289635833106138, 0.8070386701062302, 1.144005744125859, 7.255442416799715, 7.411875411637545, 7.415881970509251, 7.699392900216999, -14.228415509514688, -13.981225558164954, -13.9791396484878, -13.95944294365924, -0.4758045273102816, -0.4569052164961674, -0.45545681414900013, -0.3328512261167044, -0.0694306102736877, -0.06868849662021362, -0.016995422995574352, -0.015193573797143561, 0.013122356678532357, 0.6956821006151308, 1.0316553403048119, 1.2004841993202109, 6.763743264677554, 6.765651934968285, 6.7703244695804905, 6.935795144616463, -14.25749477604802, -13.9690044373926, -13.967280308454344, -13.96178394146358, -0.36830004020563384, -0.3675242842810238, -0.3635288364326759, -0.23208275384373145, -0.12215602398174394, -0.12128667734402188, -0.10613804166228792, -0.10551594246598754, -0.08875697039517882, 1.087913103884032, 1.179439893640456, 1.2255427116063289, 6.31214080590716, 6.316235747251166, 6.365746907530073, 6.41716116616295, -14.26820547200485, -13.964546443123439, -13.964546441619124, -13.961227632907022, -0.37159026530796235, -0.37159026530794875, -0.3715887820200756, -0.12086146787834552, -0.12086146787833506, -0.12085923895044531, -0.12024466328280942, -0.12024466328279934, -0.1202436955882046, 1.2233331103656324, 1.2233331103656444, 1.2233353114483883, 6.149423444006264, 6.1494241832534025, 6.155972294472241, 6.283984772373714, -14.259072512857713, -13.966721639138667, -13.966721637600767, -13.96340355323546, -0.3702864419758408, -0.3694899543120556, -0.3694890073682853, -0.16303383176967626, -0.16303376410097087, -0.16260039046523667, -0.09117007968752067, -0.09116911788473167, -0.09066405121620873, 1.0971064639639938, 1.2137948496904944, 1.2137962495914913, 